timestamp,user_id,author,content
2024-02-11 10:08:05,def,human,can you list me the soundhound products?
2024-02-11 10:08:16,def,ai,"Of course! ðŸ˜Š SoundHound offers a range of products and solutions. Some of our key products include:

1. SoundHound Music App: Discover and play your favorite songs by simply humming or singing. You can also sing along, get recommendations, and add songs to your playlists using just your voice.

2. Hound Voice Assistant: The Hound app, powered by SoundHound's advanced voice AI technology, provides fast and accurate answers to your queries. It is one of the most reliable voice assistants available.

If you would like more information about our products or have specific questions, please let me know. I'm here to help! ðŸŽµ

Also, if you want to explore more about our products, you can visit our website or contact an expert. How can I assist you further? ðŸ˜Š"
2024-02-11 10:32:36,def,human,tell me more about #2
2024-02-11 10:32:51,def,ai,"Certainly! Hound Voice Assistant, powered by SoundHound's advanced voice AI technology, is a cutting-edge voice assistant that offers fast and accurate responses to your queries. Here are some key features and benefits of Hound Voice Assistant:

1. Fast and Accurate: Hound Voice Assistant is known for its lightning-fast response time and high accuracy. It can understand complex queries and provide accurate answers in real-time, even before you finish speaking.

2. Natural Language Understanding (NLU): Hound Voice Assistant utilizes advanced NLU technology to understand the context and intent behind your queries. It can handle conversational queries, multi-part questions, and even complex requests with ease.

3. Voice-Enabled Mobile Apps: Hound Voice Assistant can be integrated into mobile apps, allowing users to interact with the app using voice commands. This enhances the user experience and provides a more convenient way to navigate and interact with apps.

4. Customizable and Branded Experiences: Hound Voice Assistant can be customized to match the branding and personality of your business. This allows you to create a unique and engaging voice experience for your users.

5. Cross-Domain Capabilities: Hound Voice Assistant has the ability to address multiple questions and filter results simultaneously across different domains. This enables it to provide comprehensive and accurate responses to complex queries.

If you have any specific questions or would like to know more about how Hound Voice Assistant can benefit your business, feel free to ask! ðŸ˜Š"
